Timestamp,Do you agree to participate in this survey?,How far is your home from FEU Manila (in kilometers)?
9/28/2026 10:14,Yes,3.8
9/28/2026 11:48,Yes,17.6
9/28/2026 13:20,Yes,8
9/28/2026 13:29,Yes,27.8
9/28/2026 15:22,Yes,2
9/28/2026 16:42,Yes,5.4
9/28/2026 19:12,Yes,17
9/28/2026 19:18,Yes,20
9/28/2026 19:56,Yes,8.7
9/28/2026 20:16,Yes,18.8
9/29/2026 8:29,Yes,20.5
9/29/2026 9:37,Yes,7.9
9/29/2026 10:35,Yes,10
9/29/2026 14:03,Yes,4.5
9/29/2026 14:58,Yes,9.6
9/29/2026 17:05,Yes,21.3
9/30/2026 9:45,Yes,25
9/30/2026 10:42,Yes,22.7
9/30/2026 11:21,Yes,10.5
9/30/2026 15:19,Yes,23.5
9/30/2026 18:46,Yes,11.8
10/1/2026 8:55,Yes,12.4
10/1/2026 9:13,Yes,24.8
10/1/2026 12:27,Yes,15.5
10/1/2026 12:35,Yes,6.7
10/1/2026 12:47,Yes,12
10/1/2026 13:01,Yes,9
10/1/2026 13:20,Yes,18.1
10/1/2026 15:33,Yes,13.7
10/1/2026 18:37,Yes,26.2
10/1/2026 18:50,Yes,22
10/2/2026 9:37,Yes,19
10/2/2026 9:38,Yes,16
10/2/2026 9:39,Yes,19
10/2/2026 9:51,Yes,11
10/2/2026 12:09,Yes,14.2
10/2/2026 13:40,Yes,7.2
10/2/2026 13:40,Yes,1
10/2/2026 13:55,Yes,15
10/2/2026 13:56,Yes,28.5
10/2/2026 15:12,Yes,19
10/2/2026 18:27,Yes,3
10/2/2026 19:24,Yes,16.4
10/2/2026 19:27,Yes,5
10/2/2026 19:48,Yes,4
10/2/2026 20:31,Yes,20
10/2/2026 20:33,Yes,13
10/2/2026 20:35,Yes,6
10/2/2026 20:39,Yes,9
10/2/2026 21:08,Yes,30
